workload,variant,structure,n,time_ms,steps,moves,comparisons
W1,-,DynamicArray,100,0.2261,10000,0,0
W1,-,MyLinkedList,100,0.5137,497225,0,0
W1,-,DynamicArray,1000,0.0396,10000,0,0
W1,-,MyLinkedList,1000,7.5011,4940125,0,0
W1,-,DynamicArray,10000,0.0219,10000,0,0
W1,-,MyLinkedList,10000,78.2301,49393125,0,0
W1,-,DynamicArray,100000,0.0205,10000,0,0
W1,-,MyLinkedList,100000,801.2344,500103125,0,0
W2,-,DynamicArray,100,0.3698,75645,0,75645
W2,-,MyLinkedList,100,0.3999,75145,0,75645
W2,-,DynamicArray,1000,0.7800,743945,0,743945
W2,-,MyLinkedList,1000,2.1994,743445,0,743945
W2,-,DynamicArray,10000,2.5523,7596271,0,7596271
W2,-,MyLinkedList,10000,13.0208,7595771,0,7596271
W2,-,DynamicArray,100000,23.9310,74737004,0,74737004
W2,-,MyLinkedList,100000,126.8352,74736504,0,74737004
W3,head,DynamicArray,100,0.2938,1200000,1200000,0
W3,head,MyLinkedList,100,0.0528,0,3000,0
W3,middle,DynamicArray,100,0.2753,1100000,1100000,0
W3,middle,MyLinkedList,100,0.3556,98000,3000,0
W3,head,DynamicArray,1000,0.6868,3000000,3000000,0
W3,head,MyLinkedList,1000,0.0111,0,3000,0
W3,middle,DynamicArray,1000,0.4280,2000000,2000000,0
W3,middle,MyLinkedList,1000,1.5262,998000,3000,0
W3,head,DynamicArray,10000,4.2000,21000000,21000000,0
W3,head,MyLinkedList,10000,0.0082,0,3000,0
W3,middle,DynamicArray,10000,2.2130,11000000,11000000,0
W3,middle,MyLinkedList,10000,16.4258,9998000,3000,0
W3,head,DynamicArray,100000,38.6188,201000000,201000000,0
W3,head,MyLinkedList,100000,0.0070,0,3000,0
W3,middle,DynamicArray,100000,19.4535,101000000,101000000,0
W3,middle,MyLinkedList,100000,158.8348,99998000,3000,0
W4,-,MinHeap,100,0.0237,1135,1218,1035
W4,-,MinHeap,1000,0.1085,18226,19194,17226
W4,-,MinHeap,10000,0.9657,249329,259096,239329
W4,-,MinHeap,100000,10.1161,3159125,3256360,3059125
